nº;fecha;url
2;Foto - jun 2018;https://lh5.googleusercontent.com/p/AF1QipNikjbJbhA7JYeoQH94MOo6RTySgnb4OG3VBtHk=s515-k-no
3;Foto - abr 2018;https://lh5.googleusercontent.com/p/AF1QipMht5G7FrKs7xKfO80VUPrx4zgy98tXFUD1o09F=s452-k-no
4;Foto - ago 2022;https://lh5.googleusercontent.com/p/AF1QipMnVkdhH00hrSJKXj8xSlzAjEtMZazLRTuGvVnw=s516-k-no
5;Foto - ago 2021;https://lh5.googleusercontent.com/p/AF1QipPV7FA4GRPpEH3Wjd-4oUlf9CYIqX9d9f2DuB47=s451-k-no
6;Foto - ago 2022;https://lh5.googleusercontent.com/p/AF1QipPUH3rSxo4U_1GV6tfIBHy-RrlPLBReDyAYBpwO=s387-k-no
7;Foto - oct 2021;https://lh5.googleusercontent.com/p/AF1QipNrLTUISDs01fuLBljmSCkdia9MyYnEVNoyZh07=s677-k-no
8;Foto - jun 2021;https://lh5.googleusercontent.com/p/AF1QipMpqlvtjCNPxZ7gkiKG_IWvmJJsU48Fr1vG-WE1=s508-k-no
9;Foto - oct 2021;https://lh5.googleusercontent.com/p/AF1QipP63DzrlZ-l15cVUfAg9LXiZmrntPvwlj6p3urN=s406-k-no
10;Foto - jun 2021;https://lh5.googleusercontent.com/p/AF1QipOnAZGGcq6Lt6AbFpL3_JMiogaag0Tmb_KUB1ho=s677-k-no
11;Foto - nov 2021;https://lh5.googleusercontent.com/p/AF1QipOAiZT3y8vdUvRZQF0R72g0tXjXkWyeV0qgwyPO=s508-k-no
12;Foto - oct 2021;https://lh5.googleusercontent.com/p/AF1QipMBYTgw6_jFjK6CG7fGcATn1mRON3bsKAJwIZZi=s508-k-no
13;Foto - jun 2019;https://lh5.googleusercontent.com/p/AF1QipPxPkeaM0PI68yU508vruZ1aC5SicFbBZTY-6Qw=s387-k-no
14;Foto - sept 2018;https://lh5.googleusercontent.com/p/AF1QipPpRA7Kg1DJ2foX-KAjHKNV05PEzVbCCAAixSPd=s483-k-no
15;Foto - jun 2022;https://lh5.googleusercontent.com/p/AF1QipPubCzkJBSXbo7fF-cAIxmGMy5kUj13Icnf3yQX=s677-k-no
16;Foto - jul 2017;https://lh5.googleusercontent.com/p/AF1QipOO3Py4AWyfgZuTSbrzgm8YP4HsWSR8blju1H8O=s387-k-no
17;Foto - mar 2018;https://lh5.googleusercontent.com/p/AF1QipNuoIKOygOicLQvMpOPiz97HegMvNxSSaWAHl2Z=s516-k-no
18;Foto - mar 2018;https://lh5.googleusercontent.com/p/AF1QipMoWwi7zE42YbTNbNN4wRg-AbAQCVe8ipLTjSpR=s452-k-no
19;Foto - mar 2018;https://lh5.googleusercontent.com/p/AF1QipMDwyoP0Uxe1TBtCyR0HRLvammI5-0-Pju8fiMv=s516-k-no
20;Foto - jul 2017;https://lh5.googleusercontent.com/p/AF1QipOk0aRsGaLNAFaiNvNXfdjJ0X6DhV9ewzvwKQAs=s508-k-no
21;Foto - ago 2017;https://lh5.googleusercontent.com/p/AF1QipMbBnu8QFXpStQzeddJ1VKyyog6r7-5yFwVixeO=s387-k-no
22;Foto - ago 2021;https://lh5.googleusercontent.com/p/AF1QipNQL3sElOj-dFTwhKdFfakp8qCywpqi4KfyvFWd=s644-k-no
23;Foto - sept 2019;https://lh5.googleusercontent.com/p/AF1QipP4TkrLhDjKmAC7cxQq-LLpLq6T4plWCZ2x0aOC=s597-k-no
24;Foto - sept 2022;https://lh5.googleusercontent.com/p/AF1QipOTDVMPUndEvbT42U74vEMIrtS6B50AhZNl0RPX=s621-k-no
25;Foto - ago 2021;https://lh5.googleusercontent.com/p/AF1QipOFIYRFkpt3RFU1IBPFxz0jNBB1RJoGOOO0vTr7=s451-k-no
26;Foto - jun 2019;https://lh5.googleusercontent.com/p/AF1QipO-G-g08YPS0IUYv2-epGuPcegososRVa65FadD=s452-k-no
27;Foto - sept 2019;https://lh5.googleusercontent.com/p/AF1QipMQphtLVa6aTJJbQuiOyYm85XHZprLTfB5AZeRt=s451-k-no
28;Foto - jun 2021;https://lh5.googleusercontent.com/p/AF1QipM97I1EKN2p7JEiF8MLFn7PRa3I-u3CNb_U8vdw=s677-k-no
29;Foto - sept 2019;https://lh5.googleusercontent.com/p/AF1QipNZb4Ewd1Mu6W2ztzmL9GUNhT54lyOLW073a9VM=s597-k-no
30;Foto - sept 2020;https://lh5.googleusercontent.com/p/AF1QipNKJPazB0B22naFqvSfYq6_sYswTSJc39DTuL_X=s516-k-no
31;Foto - jul 2017;https://lh5.googleusercontent.com/p/AF1QipPCbtwGqNGSd_LK2k6v8gLafhPpfBe93aiEQMV_=s387-k-no
32;Foto - jun 2020;https://lh5.googleusercontent.com/p/AF1QipPwXwOSFCag6HAHCq3K_AM1N2QPOVtg-g6kDs7D=s597-k-no
33;Foto - mar 2018;https://lh5.googleusercontent.com/p/AF1QipNtma0P1GLU3ZtDnVSldJj0bdRSjfHyOv7TCLqW=s508-k-no
34;Foto - ene 2018;https://lh5.googleusercontent.com/p/AF1QipMJcKAYaNpUGrtJU99Uvm8NIPuquZV_D_jOUuaD=s387-k-no
35;Foto - mar 2018;https://lh5.googleusercontent.com/p/AF1QipPc-03jFjZOLu0TAe1hIzGt-1a_Z4Y0k5G8p5LQ=s516-k-no
36;Foto - mar 2018;https://lh5.googleusercontent.com/p/AF1QipOOTUd7ncb-nKJbPWoovzLjzkzQ9cPEYN4fcWOp=s516-k-no
37;Foto - jul 2017;https://lh5.googleusercontent.com/p/AF1QipNgeqF5UumDSkOotjvHQyUfLX98siFIlyx_Kh8T=s451-k-no
38;Foto - oct 2017;https://lh5.googleusercontent.com/p/AF1QipMraBs6VEvwwWnTSm1Ts_gnR955OQ6UHXBIoSyV=s387-k-no
39;Foto - sept 2017;https://lh5.googleusercontent.com/p/AF1QipNlMuqu4uKfCf5kmfy2IHUlWjxMcECTypGVOT-D=s677-k-no
40;Foto - ene 2018;https://lh5.googleusercontent.com/p/AF1QipNRC8jbEPraWVQNIhTrto_TLSIGtyI5MuMOJNTu=s516-k-no
41;Foto - ago 2017;https://lh5.googleusercontent.com/p/AF1QipMVbUMOOQNfGGywHXm2P6Ylk19hC3ZxB0XATZVy=s516-k-no
42;Foto - jul 2017;https://lh5.googleusercontent.com/p/AF1QipN_QeaQ1ZsZn7yGuE_UCwFfu8rfnsHeVhphshlk=s387-k-no
43;Foto - sept 2017;https://lh5.googleusercontent.com/p/AF1QipPVnKwxEvORsGBHWDeTH3y3Ofd9IxhYdu4Ojivh=s516-k-no
44;Foto - ago 2022;https://lh5.googleusercontent.com/p/AF1QipMx5fc7Y7KKtk7sF3b3CbWckwsLl5YaIVP7x_bb=s677-k-no
45;Foto - oct 2019;https://lh5.googleusercontent.com/p/AF1QipMA3A7BfRlUtogSLH769cM5FWFodMuCd4X1cdc6=s387-k-no
46;Foto - abr 2018;https://lh5.googleusercontent.com/p/AF1QipP_l8bzmqZ5aoA3Jvxko3vKKwIzvhHvM--Z11N8=s452-k-no
47;Foto - ago 2017;https://lh5.googleusercontent.com/p/AF1QipPbAjZGZgwarhxJjfLm-ifoSpJ02Fu2nX3Hlgif=s387-k-no
48;Foto - abr 2018;https://lh5.googleusercontent.com/p/AF1QipOxCpyXmD6sC40A1R_SsNa2APCYqa3tFbxkqsXE=s388-k-no
49;Foto - oct 2019;https://lh5.googleusercontent.com/p/AF1QipPgy7_0RjcfA40u3WrQDUvqfX22S6aPtbokDFtf=s387-k-no
50;Foto - ago 2019;https://lh5.googleusercontent.com/p/AF1QipO4lKAcLSHt8lVhT91ghfSari2dUucoNnqzIBn-=s508-k-no
51;Foto - jun 2019;https://lh5.googleusercontent.com/p/AF1QipPwNM7kNx5Wx0PRwl3g6Aqvvy3IE-z4t2L70F79=s387-k-no
52;Foto - abr 2018;https://lh5.googleusercontent.com/p/AF1QipPUXxuFJvRVALk9dZmXPzOlbDnEil-5UvASZGxm=s451-k-no
53;Foto - mar 2018;https://lh5.googleusercontent.com/p/AF1QipPeSRrykPmmKxwv27qis-mZf3wzg5iMqlZ0q-y1=s677-k-no
54;Foto - mar 2018;https://lh5.googleusercontent.com/p/AF1QipMquahDlT2LpPUuPooXTdHdJ-_mj8eCFLP1zLdo=s387-k-no
55;Foto - ago 2018;https://lh5.googleusercontent.com/p/AF1QipNZkTwts6QEjHjv1Mhg89Y6LfxdqwtkiIkpDviQ=s451-k-no
56;Foto - abr 2018;https://lh5.googleusercontent.com/p/AF1QipNivM9e8-jzjKszVIfPt0Y0FdKWIogo1_mBg6pp=s388-k-no
57;Foto - ago 2018;https://lh5.googleusercontent.com/p/AF1QipOQBZYnLjlUyNhqam_06Ijyw8DWY5OxBs1J2N4b=s451-k-no
58;Foto - ago 2021;https://lh5.googleusercontent.com/p/AF1QipNmCR5ckbdphTUQ8Tc62Clpp5ju8hR6BBsx9kyR=s677-k-no
59;Foto - jul 2017;https://lh5.googleusercontent.com/p/AF1QipOzrWvNG1i2uaGAyVjsP24p90vznfg779RUXoJ5=s677-k-no
60;Foto - ago 2017;https://lh5.googleusercontent.com/p/AF1QipO5-sHC1ppfe8kYaBEOQcvKO5dMFdcZ7iDxAvmw=s677-k-no
61;Foto - oct 2021;https://lh5.googleusercontent.com/p/AF1QipMfwrbuXoyrFSphgragtYq_MmrgGxOKkJc9NKEL=s406-k-no
62;Foto - ago 2017;https://lh5.googleusercontent.com/p/AF1QipPJkACvqqnISGjAbOzNCOCEg6jV9iojbZPEgnYS=s387-k-no
63;Foto - ago 2017;https://lh5.googleusercontent.com/p/AF1QipM0x1_dH-eVHnoytHDO_WWYIsWVkYIbIbEaxll1=s516-k-no
64;Foto - ago 2022;https://lh5.googleusercontent.com/p/AF1QipNMCJqx_-Lotas1x7X16NW6OEGLLKZBCLIFUqdB=s388-k-no
65;Foto - sept 2019;https://lh5.googleusercontent.com/p/AF1QipMC84eGxhNlR-w6fs6cD7YbXvWewxUd9RPxJVHM=s406-k-no
66;Foto - dic 2017;https://lh5.googleusercontent.com/p/AF1QipMOQinG8RU_03qda8FgotpeqdTu-86oqSX48c8m=s516-k-no
67;Foto - ago 2017;https://lh5.googleusercontent.com/p/AF1QipMxXPQw4os6P_LWD_fiUcVtqX5BbO42h3Uvv0lp=s516-k-no
68;Foto - sept 2017;https://lh5.googleusercontent.com/p/AF1QipNlJyDxynxh4CLf3ZnZzVT81AWcNA0ZiFBzjMQQ=s516-k-no
69;Foto - dic 2017;https://lh5.googleusercontent.com/p/AF1QipN11d8RPgmVP53zelU4KtxlfMWwDGEbjP1kw9n5=s516-k-no
70;Foto - ago 2019;https://lh5.googleusercontent.com/p/AF1QipOk5zb8csW7STQnLn2WTDKe9zJC3qOD20XnOBNx=s677-k-no
71;Foto - jun 2019;https://lh5.googleusercontent.com/p/AF1QipOQNocXZNHI_OSZh0_Qpysq8ZA4-fUWL9hRudMq=s451-k-no
72;Foto - dic 2017;https://lh5.googleusercontent.com/p/AF1QipN81mKbYXl-h3JE522v2ebWdBGumB77k29Owxv5=s516-k-no
73;Foto - mar 2018;https://lh5.googleusercontent.com/p/AF1QipOHA577zRCYP2jVBTb9TiAu1-Uv2oMAF__k9kzu=s388-k-no
74;Foto - jul 2017;https://lh5.googleusercontent.com/p/AF1QipP1lbCiJmgZ8EtjbUnH199mq_JW-91etrfMUCHj=s508-k-no
75;Foto - mar 2018;https://lh5.googleusercontent.com/p/AF1QipNwEl9pinLFQINPIYKERoGr7AKqu8IM0SNMgswV=s452-k-no
76;Foto - sept 2017;https://lh5.googleusercontent.com/p/AF1QipNeMP7q9ryenE7GTzurmosCRsIFeVfD3JYcHHVL=s677-k-no
77;Foto - jul 2017;https://lh5.googleusercontent.com/p/AF1QipN0bPmGDHzGZ8vCM7Qfz59ZiieKB9T6WGO15uXV=s677-k-no
78;Foto - sept 2017;https://lh5.googleusercontent.com/p/AF1QipPv2vHa81eW3_BiX-zYTkOMbqFP_vP4hijK_5cl=s516-k-no
79;Foto - ago 2019;https://lh5.googleusercontent.com/p/AF1QipOVBhbP2aDPr8ZlnGncqGVpZzoeNtoPorDJ7TN7=s406-k-no
80;Foto - ago 2017;https://lh5.googleusercontent.com/p/AF1QipPnOSw7eWV-kTEOanB73ooC5T3aWVIki2WTV5ts=s516-k-no
81;Foto - jul 2017;https://lh5.googleusercontent.com/p/AF1QipOkD5TfVjEi5p7MNMhsJecOhyyfUPNidX2kijbT=s508-k-no
82;Foto - dic 2017;https://lh5.googleusercontent.com/p/AF1QipOwHSIsB5Id45oquh0f6AWnow4V1v5KhRMKcnTc=s516-k-no
83;Foto - oct 2017;https://lh5.googleusercontent.com/p/AF1QipO5KWR6ZjX5TKvKxl-e75UUWKGUePtswM_ywJ2y=s451-k-no
84;Foto - oct 2017;https://lh5.googleusercontent.com/p/AF1QipP1daeMtmP-dbVNLz02BVwXzI41jzAvk2B6QPZj=s677-k-no
85;Foto - abr 2018;https://lh5.googleusercontent.com/p/AF1QipPjvRH4od42VZTjVrS6NSM1UFWlOt-ThW4z9hTR=s388-k-no
86;Foto - jul 2017;https://lh5.googleusercontent.com/p/AF1QipNgc5DB41MCtH2D4XqoUNx8bCbJWoLIk-9C9JXq=s387-k-no
87;Foto - oct 2017;https://lh5.googleusercontent.com/p/AF1QipPPj0qjIGKCJEhbAfblVbMr0B5uSEU_gViz3z1M=s451-k-no
88;Foto - sept 2017;https://lh5.googleusercontent.com/p/AF1QipMfE5qWRuhdomdJO5DZ-o4_jlDPA-LMjJnzRVRc=s516-k-no
89;Foto - may 2019;https://lh5.googleusercontent.com/p/AF1QipPieda272b08ehYXsuUO5sRgrqUnMI9CfWWDk60=s516-k-no
90;Foto - ago 2017;https://lh5.googleusercontent.com/p/AF1QipP1bVQY2oOQuY24fzkYRuoYt3xI31NB_QRVbtAw=s516-k-no
91;Foto - mar 2018;https://lh5.googleusercontent.com/p/AF1QipPJG2dpcn1K2BFpcvhDCPmX4svB6bccbvEvsTIm=s677-k-no
92;Foto - feb 2018;https://lh5.googleusercontent.com/p/AF1QipOFloeK8A4xAvqSuzVhx5S68AZM8C7gH-GkuBWY=s406-k-no
93;Foto - ago 2019;https://lh5.googleusercontent.com/p/AF1QipP40-kU57ySj7_fcM95Qf54aWH-Pta67qFpjsN-=s338-k-no
94;Foto - ago 2021;https://lh5.googleusercontent.com/p/AF1QipMwlCzjA-vo22kyYzeAW7x9pnQqBtIMscgS_w_g=s677-k-no
95;Foto - abr 2018;https://lh5.googleusercontent.com/p/AF1QipO7d9JdICPKBoKFVmQWeX2v_LWDBvMJimYvkigZ=s508-k-no
96;Foto - ago 2019;https://lh5.googleusercontent.com/p/AF1QipOgnBIg9Ha7mNRFM62xLeD92JvimY4n2_PJMTu8=s406-k-no
97;Foto - abr 2018;https://lh5.googleusercontent.com/p/AF1QipOv7rDM3YAbfIn_WFzTjt6e_X0Sxq663q8ggq7s=s388-k-no
98;Foto - feb 2018;https://lh5.googleusercontent.com/p/AF1QipNLmzHL9jCnkeqL2ajpXZz2_hLu4BjtMtxQrgaz=s406-k-no
99;Foto - oct 2017;https://lh5.googleusercontent.com/p/AF1QipNT131VZh4S8eLjTnj-pkI8HLoKBdWdVbIAzedt=s516-k-no
100;Foto - dic 2017;https://lh5.googleusercontent.com/p/AF1QipOYalLluRORwtimJzFNxhSuv4u9UHIpc1lQR0J6=s516-k-no
101;Foto - jul 2017;https://lh5.googleusercontent.com/p/AF1QipOHAymfj5Yp1290kFJbtxCH53qSTR90h53X8FvO=s516-k-no
102;Foto - jul 2017;https://lh5.googleusercontent.com/p/AF1QipOTxb3Fkg1H4nqJJScoziJbcs4h2XY0nxVRKTm1=s387-k-no
103;Foto - ago 2017;https://lh5.googleusercontent.com/p/AF1QipNwkk6U5zCFPVWj5BM_eNw3NExEWt3zyvN4PTYT=s516-k-no
104;Foto - sept 2019;https://lh5.googleusercontent.com/p/AF1QipPaRYZPZC8jhg-jPoL75ahNGRy7ZCsVSQoqrnaR=s451-k-no
105;Foto - oct 2017;https://lh5.googleusercontent.com/p/AF1QipN27e0A-GWxF3BhiTZrQL5z93HbLbGwlIvMGXDC=s406-k-no
106;Foto - ene 2018;https://lh5.googleusercontent.com/p/AF1QipN7H7cNodp_MPhOgt82peDJwV2bpUX6l_GqPhHR=s516-k-no
107;Foto - oct 2017;https://lh5.googleusercontent.com/p/AF1QipMGf-zvAL9bq3Tgn4WuFgCA7h6TU0VkNY5Br9d8=s677-k-no
108;Foto - jul 2018;https://lh5.googleusercontent.com/p/AF1QipNvV1_628n1T9xntvC1Wi_UW_lGDfE9ZA0fr5yo=s516-k-no
109;Foto - ene 2018;https://lh5.googleusercontent.com/p/AF1QipMDu3Wvfh7ACGrOItwuV6iwGuVs4w5jhDSy32m2=s508-k-no
110;Foto - jun 2019;https://lh5.googleusercontent.com/p/AF1QipN2YVcsloUO8XpVxcOD8_nv0cOPUw411mqmYfPW=s681-k-no
111;Foto - mar 2018;https://lh5.googleusercontent.com/p/AF1QipOreDeFvRC0ianHhU32VWo6zBDM665H6xtd4KQL=s677-k-no
112;Foto - jul 2017;https://lh5.googleusercontent.com/p/AF1QipNdvkB7N9ux6_y3OGNhBYmoA4AZb2OSVqoKitj_=s677-k-no
113;Foto - ago 2019;https://lh5.googleusercontent.com/p/AF1QipO2siKPtg3JQiYX-oiE6VIWSwxnbXiv1rf10AuW=s677-k-no
114;Foto - jul 2017;https://lh5.googleusercontent.com/p/AF1QipOEFfP1Q8twKiFNffMKIq5NR2lIdaZFOQLc0AqC=s677-k-no
115;Foto - jun 2022;https://lh5.googleusercontent.com/p/AF1QipNmvx2hskI_-JlAWBCmduPS7Eq0a1RoD42kmnsz=s508-k-no
116;Foto - jun 2022;https://lh5.googleusercontent.com/p/AF1QipMpkebIOXuUI0doL-JjriLMjjEtOQ3jGKY134ke=s508-k-no
117;Foto - nov 2021;https://lh5.googleusercontent.com/p/AF1QipNEm8lvSSVml0WV-a6_oo-FR-swI2LYw4m5SQct=s338-k-no
118;Foto - ago 2021;https://lh5.googleusercontent.com/p/AF1QipOXXND9TUHfKPch3teYuvoZMXpsveQt_oMwSlfB=s387-k-no
119;Foto - ago 2017;https://lh5.googleusercontent.com/p/AF1QipPHp75P3R9ozlZ-hXRVVu5mPzKX2D0iDN16tT-K=s451-k-no
120;Foto - mar 2018;https://lh5.googleusercontent.com/p/AF1QipPUq-usTdq_6mY4RnrOICdAg_kIAzKK9NHz5fES=s516-k-no
121;Foto - oct 2021;https://lh5.googleusercontent.com/p/AF1QipNsyIyYRx9KaEAUhN1Uqt-2fFGlMYgMp6awNIuA=s508-k-no
122;Foto - dic 2017;https://lh5.googleusercontent.com/p/AF1QipPCeCmogkvfje6SFpbDu82ZPzq-9i0PERo0N-Ll=s387-k-no
123;Foto - jul 2017;https://lh5.googleusercontent.com/p/AF1QipP-JAgIamv3L0XFi8bPM3ZSwnr9OGqZJ-LN88QU=s516-k-no
124;Foto - sept 2019;https://lh5.googleusercontent.com/p/AF1QipN8rFIOEoY84mL64rUsqvptsOz7EOtcu0_mnbo2=s387-k-no
125;Foto - ago 2017;https://lh5.googleusercontent.com/p/AF1QipPQ4WoCZamjJEs3AiJesOTUreC1aK8SS6Uf-pVg=s516-k-no
126;Foto - oct 2017;https://lh5.googleusercontent.com/p/AF1QipMuBr8nhfL7jcK8DKrRmDUw86PC4CKDTTnhxHO2=s516-k-no
127;Foto - jul 2018;https://lh5.googleusercontent.com/p/AF1QipNZSmlaaCW6AvMW_A1Nax1fAtDVzV5OIeaeUkuJ=s516-k-no
128;Foto - ene 2018;https://lh5.googleusercontent.com/p/AF1QipPx5xOQbGNY79jjKGR7cwkjy3KHA-BvuY_Ewj9q=s387-k-no
129;Foto - ago 2019;https://lh5.googleusercontent.com/p/AF1QipNj_-iF0zbUWL-BghCCoOUs_6D6oXSMlQELux_h=s677-k-no
130;Foto - ago 2017;https://lh5.googleusercontent.com/p/AF1QipOTLmjq_zJOTBLcBxOYWGx0MNsKbJNvsJ2x4c8Q=s516-k-no
131;Foto - oct 2017;https://lh5.googleusercontent.com/p/AF1QipNbFm4-E6pv6QYn_qmYesosg4zyWE7u4sKlST7C=s387-k-no
132;Foto - ago 2019;https://lh5.googleusercontent.com/p/AF1QipMJnccpeh3C9PQh8uwo4LlLv3B3QNDG_lZjywor=s508-k-no
133;Foto - jul 2017;https://lh5.googleusercontent.com/p/AF1QipMlX_6otXHt3ERP3zK1t_P9Tg0ZdZtH8IIBnWW6=s387-k-no
134;Foto - dic 2021;https://lh5.googleusercontent.com/p/AF1QipPKnoK8HcCtSWP_BtX9QPsMZWy2JJj36q_cPQ8M=s628-k-no
135;Foto - jul 2017;https://lh5.googleusercontent.com/p/AF1QipN6j8RsshrbzGghxpTLOhxz8CzN2CUEeopUWyqF=s508-k-no
136;Foto - ago 2017;https://lh5.googleusercontent.com/p/AF1QipPF3Euu7gA0N5BL-dlYtlUbgHPA4mFSvK-zoUPT=s516-k-no
137;Foto - mar 2019;https://lh5.googleusercontent.com/p/AF1QipP1groHzFNsnNzTZKLx2cMETS05AQLxhRe-dPG6=s508-k-no
138;Foto - mar 2018;https://lh5.googleusercontent.com/p/AF1QipMc-ETdpr1DirnqQ5yOY_8JziyFAzVdl1rT_ebF=s508-k-no
139;Foto - sept 2019;https://lh5.googleusercontent.com/p/AF1QipOYp2Tbrx1X1QtzqBXMmMAY_w6-MDPp61QDkIA_=s406-k-no
140;Foto - oct 2019;https://lh5.googleusercontent.com/p/AF1QipO7BhNnaHxL36u7lVq5biWpc0u5s_lm8wdyevlR=s387-k-no
141;Foto - oct 2019;https://lh5.googleusercontent.com/p/AF1QipOqt5YOYzYCp59VOu-GvBu6w8DM5LH8tXkhrYG_=s451-k-no
142;Foto - ene 2018;https://lh5.googleusercontent.com/p/AF1QipNFgq_5sojJRsCFoH4MVqyhlcodMGA17FEzbm-x=s516-k-no
143;Foto - sept 2019;https://lh5.googleusercontent.com/p/AF1QipOrwHgkGt1Ar75E5diudP_Rp8byHZ_tFliuh5Tu=s508-k-no
144;Foto - jul 2017;https://lh5.googleusercontent.com/p/AF1QipM_ta-232Vhqd_HCdbMlWW6LvvPf0EotoQAxaWs=s508-k-no
145;Foto - ago 2017;https://lh5.googleusercontent.com/p/AF1QipN91ZRh05xO4gQCGZqNfV90QIYQfPCT-CkcSOD4=s387-k-no
146;Foto - oct 2019;https://lh5.googleusercontent.com/p/AF1QipOIfMk8MLwlS5sSrBSQxkhrRGE6VOFEP8cFTcE2=s387-k-no
147;Foto - ene 2018;https://lh5.googleusercontent.com/p/AF1QipMEAhn2aJp8qeXCZhRoAsBUGBv9x9uay8-T4GX6=s508-k-no
148;Foto - ago 2019;https://lh5.googleusercontent.com/p/AF1QipMR6VRYFJvBSPunhAAw5idaV1nxEN3QoX2hlRvr=s508-k-no
149;Foto - ago 2017;https://lh5.googleusercontent.com/p/AF1QipOMh-TYMIASFSr0HJgpUnBCy2w4YL0LuZEK1lTC=s508-k-no
150;Foto - jun 2017;https://lh5.googleusercontent.com/p/AF1QipNFoIgJhtrDtkMroM_8SbJKuZyaYaKAz-M0s5GU=s508-k-no
151;Foto - oct 2019;https://lh5.googleusercontent.com/p/AF1QipPa6OqaFLP0__ZJA5J0qWtrnqGOfkTmmIxOeZD3=s387-k-no
152;Foto - ago 2017;https://lh5.googleusercontent.com/p/AF1QipPBjsiqeQZYjzU-grWsuGD2527HjvwhlyopNeA0=s406-k-no
153;Foto - ago 2019;https://lh5.googleusercontent.com/p/AF1QipM1A-o8d7Sz9nVmW4Qp2VsgJu1SYb7EAzmG9E1f=s508-k-no
154;Foto - jul 2017;https://lh5.googleusercontent.com/p/AF1QipMJRMjw7YlD_2sXqtFyhFl6f11lgc-KoZyAVHKP=s677-k-no
155;Foto - jun 2017;https://lh5.googleusercontent.com/p/AF1QipPmLcWEhXU7kSZ5x1x5LK4f6qZKX-grHU8VRRMZ=s451-k-no
156;Foto - may 2019;https://lh5.googleusercontent.com/p/AF1QipPlod-CqWSrsDWItujGnDQ0VMWQV4Ry8PzWXXGg=s516-k-no
157;Foto - jul 2018;https://lh5.googleusercontent.com/p/AF1QipM7nIMF6sPT-fewhoTi53_bLqo86uG6boXQ_jmo=s516-k-no
158;Foto - feb 2018;https://lh5.googleusercontent.com/p/AF1QipMUzQxVpV6QndAXbH0L4BIhjeMd74pFjoK6wnr1=s508-k-no
159;Foto - ago 2017;https://lh5.googleusercontent.com/p/AF1QipPKXZi6u--MBbTfoYwnrFXvPB2vhk3luYI6X2mP=s508-k-no
160;Foto - ago 2021;https://lh5.googleusercontent.com/p/AF1QipNJL5wF9PaJhAFWzOtii1XIexUsMLNup-AyqmFK=s406-k-no
161;Foto - jul 2017;https://lh5.googleusercontent.com/p/AF1QipPpgqflJEs4CPDmp3JZmUvAYutr3yHICSqwYwoY=s677-k-no
162;Foto - abr 2018;https://lh5.googleusercontent.com/p/AF1QipMzTtnONUhTottcdBbgdkOuvIPNIKf3uZgkobMG=s388-k-no
163;Foto - sept 2019;https://lh5.googleusercontent.com/p/AF1QipO17upSLD7WuPGYshPJKgQjHhDZ1pCKFJ9odjkN=s387-k-no
164;Foto - jul 2017;https://lh5.googleusercontent.com/p/AF1QipPkJvKfW-Su1lJItPTs4Mw8QqwfB1O47QXJKFXy=s451-k-no
165;Foto - jul 2017;https://lh5.googleusercontent.com/p/AF1QipMa7tKCAgUD8jATwidFipzDjmLL8sRpH3NzVdER=s406-k-no
166;Foto - ago 2019;https://lh5.googleusercontent.com/p/AF1QipNIjFhH810WyLQdT0qyKmsaKnq-6pXl67U0uil9=s406-k-no
167;Foto - ago 2017;https://lh5.googleusercontent.com/p/AF1QipNeMPedm-tgyjI9TOI9vCkAE-d2EP5UCBuklpXf=s387-k-no
168;Foto - mar 2019;https://lh5.googleusercontent.com/p/AF1QipOPKXRUcJn3qrnWwvJlNY93OT7edt8v2C5vfABs=s677-k-no
169;Foto - oct 2019;https://lh5.googleusercontent.com/p/AF1QipM4cKREiUadIGj0rgikLZKTWoPXTmwl-serzhvR=s387-k-no
170;Foto - sept 2017;https://lh5.googleusercontent.com/p/AF1QipNpBjdWasUeugcGFcEJSuwMUFDwMVOMLQYXPwIS=s516-k-no
171;Foto - jul 2019;https://lh5.googleusercontent.com/p/AF1QipPucxNRbKv44VUbTV_VI71vWKriqwKYYVEP6Gem=s388-k-no
172;Foto - abr 2019;https://lh5.googleusercontent.com/p/AF1QipNB85kB2qvOlG7MmobNx97QJd9oupGBrFEDYDMz=s387-k-no
173;Foto - jul 2022;https://lh5.googleusercontent.com/p/AF1QipPl0NeVTI96T4EXlICxA3UXVTuvi_EqpUAKM354=s677-k-no
174;Foto - abr 2018;https://lh5.googleusercontent.com/p/AF1QipNa01LiLCkwITE8RA_nO0VwG4tlzbZhJaLYiWr8=s388-k-no
175;Foto - oct 2017;https://lh5.googleusercontent.com/p/AF1QipNwlJt8yePPshFFTNAGB5bT5bUaudrpnLNM0a8f=s508-k-no
176;Foto - ago 2017;https://lh5.googleusercontent.com/p/AF1QipPf0LEyuQxIclVnHb5n8s4T2TNh1eniJ1cYzs0J=s677-k-no
177;Foto - dic 2017;https://lh5.googleusercontent.com/p/AF1QipPlv561WeBgLXfAcvwoUMvu4_A0lJCbt_O1J-gP=s516-k-no
178;Foto - ago 2019;https://lh5.googleusercontent.com/p/AF1QipMCrPKe-TyHZfm0cR628tmOqAQEVR-pwmRxWWSR=s677-k-no
179;Foto - dic 2017;https://lh5.googleusercontent.com/p/AF1QipOobpqph2oMuU22-JcLJSoTLsHUDrjWTid0JEVB=s451-k-no
180;Foto - dic 2017;https://lh5.googleusercontent.com/p/AF1QipMtYQAbMaN2Nku_RlPrC4vPjSGGjstO4_ymhnV6=s508-k-no
181;Foto - jul 2017;https://lh5.googleusercontent.com/p/AF1QipOpZznW3ifnvMjRxhI6_W7Y8qbQWMSrbxFFRTi0=s508-k-no
182;Foto - abr 2018;https://lh5.googleusercontent.com/p/AF1QipP8jpLiFlQPf0fwh7LU5kY7mIG3WzjdQf2lQ0az=s406-k-no
183;Foto - ago 2017;https://lh5.googleusercontent.com/p/AF1QipME8IyjaV18WKSMqsG6FrKseVT-Qd4fQNH2wHj2=s677-k-no
184;Foto - dic 2017;https://lh5.googleusercontent.com/p/AF1QipOeZxCAIS7OgQeVm4-66-e8Yr01455Wh4yD2ag9=s508-k-no
185;Foto - jul 2017;https://lh5.googleusercontent.com/p/AF1QipMaMeIrPNI25sVo3M27J9kKGOAYPd5E6al3BCtm=s677-k-no
186;Foto - sept 2017;https://lh5.googleusercontent.com/p/AF1QipMmv1iGhxzB14fxwDyswi8ilpam162MGrNawAso=s677-k-no
187;Foto - ago 2019;https://lh5.googleusercontent.com/p/AF1QipM_PIWAjip1b1vcu2R8VuE84R5QKM1t-Zf4jdAn=s406-k-no
188;Foto - ago 2017;https://lh5.googleusercontent.com/p/AF1QipOrTkDx191QK6UCZZAwuZ81btZfeeCx7A-F-aIN=s406-k-no
189;Foto - ago 2019;https://lh5.googleusercontent.com/p/AF1QipMmoMM8CARMobt3bFEvRf9NS4O7XphIcSxx9_dx=s677-k-no
190;Foto - ago 2021;https://lh5.googleusercontent.com/p/AF1QipMlUSWuSKryL8NHGDSCUd2fBDpPznVhEcCjlyRL=s677-k-no
191;Foto - sept 2017;https://lh5.googleusercontent.com/p/AF1QipNDR4P_TCWgwxpzJL3rbPu5rk8mNyztYQGT-zeN=s419-k-no
192;Foto - mar 2019;https://lh5.googleusercontent.com/p/AF1QipN-uS84onwyvGFS7-Bqx7zgyC98_tOFl5EPvrc6=s508-k-no
193;Foto - sept 2017;https://lh5.googleusercontent.com/p/AF1QipOaoi9QnUEpqLqP6sRtSWI2v6frIv2o9TqoBn87=s677-k-no
194;Foto - jul 2018;https://lh5.googleusercontent.com/p/AF1QipPgPpfNzNphA55nGcCqrQgaxbpoh-6xjR8_TZqE=s516-k-no
195;Foto - jul 2017;https://lh5.googleusercontent.com/p/AF1QipP0xJIADzil_26hR5LepFRfbJu3c9jfI5g9wnGN=s677-k-no
196;Foto - ago 2019;https://lh5.googleusercontent.com/p/AF1QipN63_po8dr93Lm_wJssv4MxLFw0JaJNhXo85yS4=s406-k-no
197;Foto - oct 2017;https://lh5.googleusercontent.com/p/AF1QipMrPFfWxcRy6elq9D1hqdx-wx22eqYBV5KQ2hrI=s508-k-no
198;Foto - dic 2017;https://lh5.googleusercontent.com/p/AF1QipOyAcCdfQ1EnQ6a8cFHwnhL7xPJHOTgJfrv5jXo=s677-k-no
199;Foto - feb 2018;https://lh5.googleusercontent.com/p/AF1QipOFsTW2T7bYKdE_KseEZ6TBNHzTe-O2RRu8kOzq=s677-k-no
200;Foto - may 2022;https://lh5.googleusercontent.com/p/AF1QipO4317WIRSy9Ov_fb-otEmlB-fShSrFeCQG79Ee=s677-k-no
201;Foto - ago 2017;https://lh5.googleusercontent.com/p/AF1QipN1YG_zyqSRYRojenEI5KYe8VVhIIsbWKaSyIg7=s516-k-no
202;Foto - jul 2017;https://lh5.googleusercontent.com/p/AF1QipMIv3pN3yZCTxI6Ifh8U-RJ4E-xn5GEccphQxzJ=s387-k-no
203;Foto - ene 2018;https://lh5.googleusercontent.com/p/AF1QipMYdRZ_LGPhSTXGDw8uRAGuo21TpA0DhRJwJNks=s508-k-no
204;Foto - feb 2018;https://lh5.googleusercontent.com/p/AF1QipOfdmozXXaoC_Z3qdJM2SBqhLaJm0cjZ6Mhaq8=s451-k-no
205;Foto - sept 2017;https://lh5.googleusercontent.com/p/AF1QipNuz-V8s6toxnWfKYenKzNH42YHeVUn1dz3-3Ht=s677-k-no
206;Foto - sept 2019;https://lh5.googleusercontent.com/p/AF1QipPij-70QT-mt5IC1GWbP469ina21u-b1A_W_tfv=s597-k-no
207;Foto - jul 2017;https://lh5.googleusercontent.com/p/AF1QipPPwkkvZHlcEcE8tn_qPhn4P0Wgai8MD-8UwP0M=s387-k-no
208;Foto - ago 2017;https://lh5.googleusercontent.com/p/AF1QipOR0sE895jkEkhqs_LOFamN11MYTLyKmror3Cjh=s516-k-no
209;Foto - oct 2017;https://lh5.googleusercontent.com/p/AF1QipPpnS64q-yGXI3SEmjh1S6S9nL4b86_MduYKgXZ=s516-k-no
210;Foto - ago 2017;https://lh5.googleusercontent.com/p/AF1QipNQCRYgUhCGIS7FYYVvzcU1D9vj7jSKwKq3nZYG=s516-k-no
211;Foto - sept 2017;https://lh5.googleusercontent.com/p/AF1QipMn1miGi65FNDSrSNRnntVHYnNjBqvHQLtnEXRh=s677-k-no
212;Foto - mar 2018;https://lh5.googleusercontent.com/p/AF1QipMq5qOTBolkQvBleRLvNz5byjVTGRVCiGkwgOAa=s387-k-no
213;Foto - jul 2017;https://lh5.googleusercontent.com/p/AF1QipOKgYH4b6_1q4IG-RnO2LOXZgweNPsvUah1SneC=s516-k-no
214;Foto - oct 2017;https://lh5.googleusercontent.com/p/AF1QipNns76Eyo21EHb3sZ0eA4F4jyq1vlLkBRFik2En=s516-k-no
215;Foto - may 2018;https://lh5.googleusercontent.com/p/AF1QipO-infdiTK6IVw7VzlnjRuujwGZHivEcLZx3ULF=s516-k-no
216;Foto - feb 2018;https://lh5.googleusercontent.com/p/AF1QipMQsPqcKNdfVbvDldHwRNpybXUULpT1MXv4ano=s387-k-no
217;Foto - jul 2017;https://lh5.googleusercontent.com/p/AF1QipPwznJrhxu-kwNZCk46TnGtgt9N_Hq4A4SWfZqu=s406-k-no
218;Foto - mar 2019;https://lh5.googleusercontent.com/p/AF1QipNgKHQi2TaEiz-raE3RJgJqEDf8u9pFLnmwKbnL=s508-k-no
219;Foto - ene 2018;https://lh5.googleusercontent.com/p/AF1QipNL_NcC8DaurckfOPVIRnwjRYBo0OktkcJs-iba=s516-k-no
220;Foto - sept 2017;https://lh5.googleusercontent.com/p/AF1QipNyto5MPgxtP0OW5HSGFOfX0N4UwmajyeFjRXdp=s677-k-no
221;Foto - sept 2019;https://lh5.googleusercontent.com/p/AF1QipMDcV2QS8fjVn_xsSr-liTnvmHirfQHVHRQQngE=s406-k-no
222;Foto - jul 2017;https://lh5.googleusercontent.com/p/AF1QipNQIrg65eL6go0lNPA5wu7iG8jGwSh2Xt-80nT5=s387-k-no
223;Foto - ago 2017;https://lh5.googleusercontent.com/p/AF1QipMIUdDECXvGGnytjXRiSvZaZ4BdrTE8b0veTYNc=s516-k-no
224;Foto - dic 2017;https://lh5.googleusercontent.com/p/AF1QipMf6YFzvkvv4gyf9rm6ndyjzKwZXeqSSe3Byy8X=s387-k-no
225;Foto - dic 2017;https://lh5.googleusercontent.com/p/AF1QipOYbfQ_y77vlTcCJAkkjB9ltRxRGrrDuMDZ0SBz=s387-k-no
226;Foto - ene 2018;https://lh5.googleusercontent.com/p/AF1QipN-lPE7Cf-F6TVKyIMu4NVeGemPA6oXsmXpFre-=s508-k-no
227;Foto - ene 2018;https://lh5.googleusercontent.com/p/AF1QipN-xYzz_ar6X9XeoSYXv9xIX_gcdL3fTsqke2HD=s508-k-no
228;Foto - ene 2018;https://lh5.googleusercontent.com/p/AF1QipMQowt2b91xVWJgiaAJRibLyTS2CFJP7Uax5u6E=s677-k-no
229;Foto - oct 2017;https://lh5.googleusercontent.com/p/AF1QipMAyaIk37rwvHge1SUPKlVbF2m-mKKIq6NVSDpl=s508-k-no
230;Foto - mar 2018;https://lh5.googleusercontent.com/p/AF1QipPXHHZzH9xi935Oya-a9smwuam9MwScVvb1k2lt=s677-k-no
231;Foto - dic 2017;https://lh5.googleusercontent.com/p/AF1QipNacvt6raRbcMLxgiCasDJEx4maCbIU3bEpWxUM=s387-k-no
232;Foto - ene 2018;https://lh5.googleusercontent.com/p/AF1QipNFDUNgYH2-wDpFds5h_HW-ajAd9YMi-_EQewqF=s516-k-no
